user_id,name
1,Melissa Nolan
2,Caleb Hansen MD
3,Christopher Moreno
4,Amber Miller
5,Trevor Escobar
6,Jenna Hurley
7,Tricia Hines
8,Nicholas Jones
9,Rebecca Walker
10,Valerie Tucker
11,Heather Montgomery
12,Robert Gilmore
13,Brittany Harris
14,Juan Franklin
15,Melinda Howell
16,Sergio Jordan
17,Stephanie Sutton
18,Emily Webb
19,Cynthia Bryan
20,Cheryl Kaiser
21,Yolanda Ballard
22,William Foster
23,Edward Padilla
24,Veronica Howard
25,Kenneth Garcia
26,Richard Ramsey
27,Anthony Weiss
28,Curtis Underwood
29,Julie Burns
30,John Rhodes
31,Emily Shepard
32,Gabrielle Abbott
33,Cheryl Castillo
34,Gene Gonzalez
35,Hannah Howell
36,Dennis Munoz
37,Tara Johnson
38,Kiara Allen
39,Joel Thomas
40,Glenda Fleming
41,Lee Newton
42,Scott Brown
43,Lisa Farmer
44,Raymond Hansen
45,Robert Cruz
46,Jeffrey Olsen
47,Tom Garcia
48,Patrick Perez
49,Sean Shea
50,Casey Johns
51,Mr. James Frank
52,Raymond Duncan
53,Melinda Sellers
54,Erik Brewer
55,Justin Jimenez
56,Cory Smith
57,Jacob Bell
58,Michael Schmidt
59,Sherri Coffey
60,Robert Craig
61,Erika Simmons
62,Zachary Thomas
63,Sue Bowman
64,Amanda Washington
65,Bridget James
66,Monica Hale
67,Gary Boone
68,Debbie Poole
69,Daniel Miles
70,Abigail Orr
71,Ryan Alexander
72,Aaron Mejia
73,Anthony Koch
74,Carolyn Harris
75,Olivia Kelly
76,David Contreras
77,Gregory Dalton
78,Maria Roberts
79,Erin Dennis
80,Kayla Ray
81,Jose Jones
82,John Lewis
83,Ricky Ochoa
84,Daniel Franco
85,Justin Robinson
86,Grant Cummings
87,Benjamin Phillips
88,Kelsey Alexander
89,Taylor Ryan
90,Ryan Krueger
91,Gregory Davis
92,Stanley Cooper
93,Sara Yu
94,Nicholas Roberts
95,Sara White
96,Robin Larson
97,Todd Harris
98,John Green
99,Jennifer Torres MD
100,Walter Mitchell
101,Laura Baker
102,John Cole
103,Angela Dunn
104,Mrs. Amy Reyes MD
105,Diana Hill
106,Jonathan Sutton
107,Lance Malone
108,Sara Hinton
109,Michael Villa
110,Shawn Foster
111,Edward Wilson
112,Logan Weaver
113,Stephen Long
114,James Howard
115,Amanda Smith
116,John Cook
117,Joshua Cohen
118,John Martin
119,Joe Francis
120,Alex Kent
121,Brian Ramos
122,Daniel Martin
123,Kathleen Roberts
124,Dean Farrell
125,Joanna Russell
126,Alexandra Williams
127,Brianna Gillespie
128,Raymond Russell
129,Thomas Castro
130,Ray Hill
131,Cody Woodard
132,Kimberly Small
133,Tyler Ross
134,Nicholas Porter
135,Ms. Alexis Summers
136,Michael Spencer
137,Jennifer Fox
138,Nicole Bell
139,Briana Buckley
140,Brian Gonzalez
141,Mark Stephens
142,Stephanie Bradford
143,Breanna Hunt
144,Mandy Ramos
145,Nancy Marshall
146,Rachel Tran
147,Brian Hurst
148,Tammy Carrillo
149,Kenneth Turner
150,Wesley Klein
151,Mariah Johnson
152,Nicole Curry PhD
153,Vanessa Andrews
154,Marcus Taylor
155,Angela Gray
156,Mitchell Herrera
157,Emily Wilson
158,Abigail Ramos
159,Jordan Randall
160,Jill Mason
161,Dylan Peterson
162,Katie Mendez
163,David Jimenez
164,Calvin Baker
165,Laurie Anderson
166,Julie Russell
167,Michael Dalton
168,Ann Gentry
169,Terrance Davis
170,Vicki Meyer
171,Beth Ward
172,Mike Baker
173,Willie Lewis
174,Melissa Cooper
175,Ashley Warren
176,Elizabeth Scott
177,Michael Gomez
178,Caroline Cross
179,Sara Riley
180,David Savage
181,Derek Turner
182,Robert Jennings
183,Emily Freeman MD
184,Austin Rodriguez
185,John Garrett
186,Richard Johnson
187,Amanda Brown
188,Helen Garcia
189,Joseph Lopez
190,Ryan Craig
191,April Lester
192,Debbie Williams
193,Lynn Williams
194,Jose Franklin
195,Colin Adams
196,Kevin Pugh
197,Michelle Ross
198,Angel Morgan
199,Bryan Jones
200,Veronica Nunez
201,Donna Harvey
202,Natalie Warren
203,Edward Hunter
204,Sylvia Arellano
205,Stacey Garcia
206,Tyler Snyder
207,James Raymond
208,Mary Miller
209,Elizabeth Dalton
210,Kirsten Allen
211,Neil Harrison
212,Rebecca Williams
213,Jose Rogers
214,Wesley Martin
215,Paul Hernandez
216,Brandon Waters
217,Nicole Guerra
218,Melissa Lopez
219,Henry Wilson
220,Gina Ballard
221,Rebecca James
222,Brian White
223,Angela Garcia
224,Tracy Moore
225,Deborah Brown
226,Nicole Shelton
227,Carrie Daniels
228,Jill Lewis
229,Mark Jones
230,John Carrillo
231,Jessica Hughes
232,Jessica Freeman
233,Roger Roberts
234,Tiffany Cummings
235,Andres Greer
236,Emily Riley
237,Andre Green
238,Janet Howell
239,Pamela Hines
240,Mark Meyer
241,Christy Hale
242,Brian Middleton
243,Tara Smith
244,Michael Rojas
245,Ryan Watson
246,Benjamin Romero
247,Thomas Patton
248,Pamela Erickson
249,Eduardo Baker
250,Erin Anthony
251,Gary Mckinney
252,Vanessa Perez
253,Christine White
254,Mr. Johnathan Mcmillan
255,Gina Hudson
256,Mark Herring
257,Michelle Morris
258,Michelle Murphy
259,Lisa Chen
260,Raymond Rojas
261,Mary Farrell
262,John Rios
263,Angela Lopez
264,Karen Smith
265,Ashley Thomas
266,Alyssa Moore
267,Jeff Hawkins
268,April Martinez
269,Ashley Marquez
270,Jessica Berry
271,Katelyn Baker
272,William Gomez
273,Alexander Gomez
274,Peter Johnson
275,Vanessa Harper
276,Lisa Hardy
277,Devin Soto
278,Sandra Dalton
279,Ashley Johnson
280,Colleen Moon
281,Cynthia Lee
282,Teresa Miller
283,Melissa Williams
284,Peter Cantu
285,Erika Allen
286,Antonio Jones
287,Steven Taylor
288,Shawn Smith
289,Kevin Davis
290,Debbie Brewer
291,Jill Harris
292,Brian Lopez
293,Darren Spencer Jr.
294,Donald Williams
295,Angelica Morrow
296,Michael Myers
297,Eric Walsh
298,Clinton Cooke
299,Molly Mitchell
300,Dylan Johnson
301,Cynthia Baker
302,Jacqueline Blankenship
303,Timothy Brown MD
304,Kari Brown
305,Angela Washington
306,Erica Mitchell
307,Julie Mcgee
308,Michael Morgan
309,Daniel Sims
310,Cristina Miranda
311,Shawn Griffith
312,Mary Jones
313,Tiffany Cohen DDS
314,Claire Shaw
315,Christine Buckley
316,Paul Young
317,Tanya Fisher
318,Steven Walker
319,Denise Salinas
320,Sarah Porter
321,Jesse Horton
322,Ethan Cunningham
323,Andrea Clark
324,Daniel Little
325,Nicholas Smith
326,Regina Carrillo
327,Joel Miller
328,Brooke Anderson
329,Michael Harris
330,Erica Ramirez
331,Gregory Lucas
332,Mark Gallagher
333,Kimberly Moreno
334,Zachary Munoz
335,Mark Martin
336,Donald Anderson
337,Rachel Townsend
338,Richard Baldwin
339,Mary Hughes
340,Samuel Kelley
341,Jennifer Dominguez
342,Curtis Hanson
343,Kevin Ellis
344,Allison Alexander
345,Jessica Rojas
346,Corey Lee
347,Tammy Flores
348,Sara Morales
349,Dylan Peck
350,Courtney Mcknight DDS
351,Sherri Mccarthy
352,Kelly Santos
353,Jeffrey Melendez
354,Edgar Miles
355,Benjamin Grant
356,Sandra Santos
357,Bobby Leonard
358,Kyle Anthony
359,John Huffman
360,Joseph Gibson
361,Mr. Roger Berger MD
362,Christine Graham
363,Susan Roberts
364,Gail James
365,Margaret Hill
366,Andrea Garrett
367,Jennifer Gray
368,Emily Simmons
369,Melissa Barnes
370,Kelsey Martinez
371,Matthew Dixon
372,Sharon Wall
373,Katherine Solomon
374,Brandon Mcintosh
375,Jason Diaz
376,Patricia Potts
377,Kristina Ford
378,Michael Miller
379,Lynn Zimmerman
380,Elizabeth Wallace
381,Jennifer Harmon
382,Veronica Garner
383,Laura Zuniga
384,Max Rodriguez MD
385,Jeremy Ortiz
386,Travis Stark
387,Jeffrey Anderson
388,Angela Jordan
389,Jacob Miller
390,Michael Powers
391,Samantha Powell
392,Barry Bullock
393,Angel Cooper
394,Ashley Martinez
395,Nicholas Mueller
396,Kristen Chapman
397,Brian Andrews
398,Brian Best
399,Mr. Dwayne Lee
400,Karen Scott
401,David Glenn
402,Jennifer Marks
403,Diana Mendez
404,Eric Thompson
405,Karen Smith
406,Melissa Adams
407,Michael Lewis
408,Alan Alexander
409,Alexandria Pope
410,Dwayne Burton
411,Tony Paul
412,Pamela Gill
413,Nicole Carter
414,Dawn Walker
415,Karen Marsh
416,Audrey Evans
417,Brenda Carroll
418,Andrew Owens
419,Joseph Reyes
420,Evan Holden
421,Justin Bailey
422,Amy Smith
423,Carl Wells
424,Chad Austin
425,Alexander White
426,Brittany Noble
427,James Gonzalez
428,Gina Graham
429,Robert Nichols
430,David Grant
431,Sharon Fitzgerald
432,Alexandra Johnson
433,Brandi Hartman
434,Robert Anderson
435,Rebecca Cherry
436,Nicholas Smith
437,Nicole Hodge
438,Grace Carlson
439,Mr. Timothy Johnson
440,Kenneth Beard
441,Dr. Sarah Jackson
442,Wanda Vaughn
443,Maria Olson
444,Anna Cook
445,Ashley Levine
446,Chelsey Riley
447,Heather Russell
448,Debra Orr
449,Shawn Bailey
450,Amy Johnson DDS
451,Charles Hansen
452,Kerri Murphy
453,Jennifer Buchanan
454,Sheila Watkins
455,Robin Holmes
456,Brian Buck
457,Isaiah Stout
458,David Wood
459,Timothy Wagner
460,Donna Moore MD
461,James Holt
462,William Baker
463,Jonathan Mclean
464,Jason Hunter
465,Robin Lawson
466,Kristen Terrell
467,Matthew James
468,Kristen Braun
469,Jasmine Brewer
470,Crystal Archer
471,Jeffery Blankenship
472,Morgan Stuart
473,Darius Reyes
474,Kayla Guzman
475,Lisa Ortiz
476,James Barnett
477,David Smith
478,Daniel Torres
479,Joseph Hicks
480,Kelly Lambert
481,Adrian Graham
482,Jamie Zavala
483,Thomas Hogan
484,Sean Mckinney
485,Melissa Rose
486,Anthony Bell
487,Matthew Grant
488,Alex Carey
489,David Sanchez
490,Christopher Garner
491,Diamond Harvey
492,Tommy Mosley
493,Crystal Johnson
494,Michelle Farrell
495,Holly Arroyo
496,Raymond Cruz
497,Christina Wood
498,Nicole Lee
499,James Sanders
500,Keith Bennett
501,Heather Herrera
502,Nicole Rios
503,Jennifer Johnson
504,Courtney Boone
505,Kayla Jones
506,Spencer Sexton
507,Elizabeth Romero
508,Amber Burgess
509,George Williams
510,George Kramer
511,Allison Oliver
512,Micheal Scott
513,Crystal Watson
514,Travis James
515,Tina Morrow
516,Dawn Rodriguez
517,Robert Burns
518,Tamara Perry
519,Jennifer Becker
520,Sarah Wells
521,Bradley Abbott
522,Catherine Kent
523,Paige Sharp
524,David Taylor
525,Douglas Gentry
526,Kaitlyn Allison
527,Adrian Scott
528,Alexander White
529,Nina Hughes
530,Miss Melissa Obrien
531,Jason Roberts
532,Jonathan Moore
533,Paul Cox
534,Linda Booth
535,Jason Jackson
536,Jonathan Jones
537,Karen Hall
538,Walter Chambers
539,Elizabeth Wilcox
540,James Simpson MD
541,Kristen Norris
542,Michelle Martin
543,Sarah Hendricks
544,Alec Castro
545,Jennifer Miller
546,Megan Finley
547,Jonathan Roy
548,Brett Jackson
549,Rebecca Jones
550,Christine Mitchell
551,Jacob Hernandez
552,Mary Phillips DDS
553,Erica Mcpherson
554,Yolanda Nelson
555,Gary Ellis
556,Richard Valenzuela
557,Juan Martin
558,Cheryl Edwards
559,Stanley Baker
560,Andre Greer
561,William Cooper
562,Richard Baker
563,Christopher Stein
564,Wanda Brooks
565,Ana Brock MD
566,Cameron Taylor
567,David Hicks
568,Eric Perez
569,Anthony Chen
570,Jason Williams
571,Kevin Taylor
572,Margaret Hensley
573,Barbara Davis
574,Linda Curtis
575,Scott Simpson
576,Craig Friedman
577,Wendy Smith
578,Robert Webster
579,Adrian Martin
580,Christopher Scott
581,Ryan Ball
582,Edward Daniels
583,Stacy Smith
584,Justin Jones
585,Christine Smith
586,John Stone
587,Rebecca Hudson
588,Nancy Newman
589,Paul Douglas
590,Eric Cain
591,Stephen Nichols
592,David Walker
593,Lacey Proctor
594,Mitchell Miller
595,Vanessa Schmidt
596,Jennifer Warner
597,Stephanie Sosa
598,Christina Brady DVM
599,Kristy Rogers
600,Megan Johns
601,Thomas Oneill
602,Tiffany Proctor
603,Stephanie White
604,Erin Cochran
605,Anthony Washington
606,Corey Sparks MD
607,Cameron Ward
608,Evan Flores
609,Carolyn Shields
610,Johnathan Delgado
611,Leah Pacheco
612,Christine Zhang DVM
613,Ashley Escobar
614,Colleen Wagner
615,Dustin Cole
616,Cindy Sandoval
617,Christopher Johnson
618,Sabrina Parker
619,Evelyn Cook
620,Richard Cunningham
621,Leslie Jackson
622,David Rich
623,Jeffrey Santos
624,Jeremy Stevens
625,William Walker
626,Matthew Miller
627,Lisa Carroll
628,Jessica Santiago
629,Jorge Beard
630,Christy Cabrera
631,Sonya Fisher
632,Megan Carroll
633,Richard Garcia
634,Joseph Vargas
635,Christopher Martin
636,Herbert Morris
637,Melanie Parsons
638,Daniel Powers
639,Sarah Zamora
640,Karen Reeves
641,Mrs. Chelsea Brown
642,Edward Stone
643,Madison Roberts
644,Taylor Beck
645,Mark Flores
646,Adam King
647,Jessica Robertson
648,Anna Perez
649,Susan Faulkner
650,Renee Meadows
651,Levi Burgess
652,Laura Mccann
653,Timothy Mullen
654,Edward Gonzalez
655,Robert Peters
656,Jennifer Richards
657,Matthew Reyes
658,Brenda Jones
659,Zachary Johnson
660,Jason Boyd
661,Mathew Carroll
662,Casey Jordan
663,Christopher Barker
664,Mr. Joseph Moore DVM
665,Amanda Nelson
666,Erica Hill
667,James Wilson
668,Jacqueline Sparks
669,Tracie Shields
670,Sandra Hampton
671,Scott Jackson
672,Christopher Solis
673,Holly Douglas
674,Norman Reyes
675,Christine Jackson
676,Stephanie Davis
677,Carrie Meyers
678,Joseph Murphy
679,Kelly Morales
680,James Robinson
681,Jeremy Smith
682,Anthony Wood
683,David Owens
684,Phillip Moreno
685,Mary Patterson
686,Stephanie Diaz
687,James Nichols
688,Allen King
689,Carla Gates
690,Karen Coleman
691,Ryan Padilla
692,Matthew James
693,Alison Mcdonald
694,Michael Castillo
695,Bryan Gutierrez
696,Crystal Rios
697,Jessica Jones
698,Gabriel Thompson
699,Heather Gonzalez
700,Andrew Rowland
701,Erica Roberts
702,Nicole Adams
703,Brandy Thomas
704,Sandra Meyers
705,Logan Green
706,Christopher Proctor
707,Christina Baxter
708,Krystal Fox
709,Phyllis Carney
710,Connie Hughes
711,Kelly Bonilla
712,Sarah Thompson
713,Jason Morrison
714,Robert Hunter
715,Donald Mcmillan
716,Jaime Hawkins
717,Kim Mcdowell
718,Emily Diaz
719,Michelle Parrish
720,Dawn Zimmerman
721,Jason Cook
722,Andrea Zamora
723,Kevin Thompson
724,William Garcia
725,Kevin Hoover
726,Chad Duran
727,Jerry Hobbs
728,Amanda Burnett
729,Emily Wolfe
730,Rebecca Barton
731,Margaret Robbins
732,Howard Sanchez
733,Erin Riggs
734,Michael Cox
735,Austin Alexander
736,Jennifer Duran
737,Steven Walker
738,Bradley Morse
739,Sarah Bean
740,Robert Lozano
741,Kendra Holt
742,Jason Ray
743,Wendy Hale
744,Jessica Thomas
745,Susan Gibson
746,Cassandra Campbell
747,Shelley Cooper
748,Jason Rose
749,Courtney Gonzalez
750,Miss Katie Young DDS
751,Sandra Lin
752,Justin Pittman
753,Kenneth Saunders
754,Adam Nolan
755,Omar Johnson
756,Jorge Greer
757,Alexander Haynes
758,Derrick Vega
759,John Blake
760,Haley Abbott
761,Alan Alexander
762,James Castro
763,Ashley Miller
764,Kendra Burns
765,Cristina Williams
766,Natasha Martin
767,Jeremy Sanders
768,Christopher Moore
769,Priscilla Guzman
770,Nina Mitchell
771,David Davila
772,Javier Romero
773,Erika Baker
774,Erin Browning
775,Kayla Berry
776,James Blake
777,Andrew Gross
778,Jason Garcia
779,Steven Strickland MD
780,Anna Morgan
781,Stephanie Ferguson
782,Renee Garcia
783,John Chapman
784,Jeffrey Nelson
785,William Flores
786,Angel Harrell
787,Richard Collier
788,Walter Garcia
789,Tyler Lee
790,Carol Jimenez
791,Eric Barnes
792,Robert Mosley
793,Craig Krause
794,Dr. Cheryl Randall
795,Mary Campos
796,Amber Fisher
797,Angela Cortez
798,Ronald Bell
799,Paul Smith
800,Angel Houston
801,Brittney Tate
802,Megan Scott
803,Mr. Jerome Kelly
804,David Henderson
805,Ashley Grimes
806,Timothy Aguirre
807,Victoria Welch
808,Sara Cross
809,Stephen Freeman
810,Vanessa Rivera
811,Samuel Davis
812,Samantha Martinez
813,Stacey Singh
814,Jason Vang
815,Jessica Miller DDS
816,Brooke Chandler
817,Edwin Campbell
818,Kenneth Cooper
819,Nicole Marshall
820,Anthony Kelly
821,Trevor Flores
822,Christopher Phelps
823,Joshua Acevedo
824,Brandon Faulkner
825,Jeffery Wilkins
826,Joseph Drake
827,Terri Dean
828,Brenda Moore
829,Shawna Schmitt
830,Christian Taylor
831,Lori Gibbs
832,Amanda Salas
833,Ashley Davis PhD
834,Samantha Rubio
835,Kathy Clark
836,Anita Cooper
837,Dwayne Blackburn
838,Megan Zimmerman
839,Henry Rice
840,Brandon Gilmore
841,Dr. James Miller
842,Dennis Butler
843,Maria Hamilton
844,Phillip Holmes
845,Derek Hall
846,Brandon King
847,Ann James
848,Amber Thomas
849,Holly Hodges
850,Joseph Miller
851,Mike Jones
852,Anthony Martinez DDS
853,Julie Johnson
854,Richard Carroll
855,Patricia Marquez
856,David Simmons
857,Randy Villanueva
858,Julia Clark
859,Michael Chapman
860,Destiny Campbell
861,Justin Jenkins
862,Connor Rodriguez
863,Heather Jackson
864,Troy Boyd
865,Stephanie Rocha
866,Gina Payne
867,Andrew Dixon
868,Antonio Davies
869,Martha Contreras
870,Michael Davis
871,Christopher Martin
872,Monica Wilson
873,Stephen Boyle
874,Christopher Rhodes
875,Michael Robinson
876,David Garcia
877,Michelle Glover
878,Norma Hall
879,Edward Hernandez
880,Jeremy Jackson
881,Katherine Flynn
882,William Peterson
883,Nicholas Miller
884,Teresa Potter
885,Dalton Mcdonald
886,Jacob Harding
887,Laura Mcclure
888,Steven Taylor
889,Barbara Collins
890,Jesse Fox
891,Carla Massey
892,Amber Lee
893,Cassandra Ibarra
894,Kiara White
895,William Campbell
896,Laura Gonzales
897,Sonia Flynn
898,Charles Johnson
899,Matthew Lee
900,Cheryl Flores
901,Dr. Robert Mendoza
902,Kayla Hancock
903,Lisa Hamilton
904,Brandon Smith
905,Pamela Middleton
906,Curtis Cain
907,Henry Owens
908,Melinda Gilmore
909,Michael Dougherty
910,Kristen Smith
911,Carrie Woodard
912,Holly Mahoney
913,Donald Dennis
914,Troy Trujillo
915,Lisa Miller
916,Christine Evans
917,Susan Foster
918,Anne Ward
919,Elizabeth Walter
920,William Brooks
921,Frances Williams
922,Devin Watson
923,Paula Adams
924,Andrew Gonzales
925,Alexandria Ellison
926,Michele Moses
927,Courtney Orozco
928,Thomas Curry
929,Michael Pierce
930,Jaime Smith
931,Jennifer Chapman
932,Joseph Hampton
933,David Coleman
934,Stephanie Williams
935,Isaac Ortiz
936,Dustin Washington
937,Jonathan Morris
938,William Roberts
939,Elizabeth Ortega
940,Natasha Vazquez
941,Lauren Turner
942,Sherry Wilson
943,Ashley Glenn
944,Brenda Brooks
945,Walter Morgan
946,Megan Mitchell
947,Krystal Hunter
948,Barbara Lopez
949,Samantha Suarez
950,Justin Brown
951,Jeffrey Obrien
952,Teresa George
953,William Mullen
954,Joshua Walters
955,Jacob Gibson
956,Dennis Mercado
957,Melissa Mills
958,Anthony Cameron
959,David Torres
960,Juan Jackson
961,Pamela Mcdaniel
962,Natalie Smith
963,Stephanie Hines
964,John Wagner
965,Caroline Adams
966,Jonathan Johnson
967,Eric Prince
968,Matthew Young
969,Kyle Brooks
970,Frances Sanchez
971,Jamie Bailey
972,Bryan Lindsey
973,Bonnie Farrell
974,Paul Stewart
975,Sara Nguyen
976,Erin Simon
977,Alicia Torres
978,Michele Olson
979,Amanda Lozano
980,Hunter Williams
981,Michael Duncan
982,Kristi Hill
983,Sean Santiago
984,Nancy Fields
985,Ashley Perry
986,Adam Martin
987,Samuel Jefferson
988,Stephanie Ramirez
989,William Lane
990,Jason Barnes
991,Alexander Wallace
992,Richard Fox
993,David Bush
994,Victoria Mendoza
995,Thomas Jackson
996,Deborah Santiago
997,Jessica Graham
998,Adam Brown
999,Brenda Quinn
1000,Richard Sampson
